Symbol,Fullname
1101,1101台灣水泥股份有限公司
1102,1102亞洲水泥股份有限公司
1103,1103嘉新水泥股份有限公司
1104,1104環球水泥股份有限公司
1108,1108幸福水泥股份有限公司
1109,1109信大水泥股份有限公司
1110,1110東南水泥股份有限公司
1201,1201味全食品工業股份有限公司
1203,1203味王股份有限公司
1210,1210大成長城企業股份有限公司
1213,1213大西洋飲料股份有限公司
1215,1215台灣卜蜂企業股份有限公司
1216,1216統一企業股份有限公司
1217,1217愛之味股份有限公司
1218,1218泰山企業股份有限公司
1219,1219福壽實業股份有限公司
1220,1220台榮產業股份有限公司
1225,1225福懋油脂股份有限公司
1227,1227佳格食品股份有限公司
1229,1229聯華實業股份有限公司
1231,1231聯華食品工業股份有限公司
1232,1232大統益股份有限公司
1233,1233天仁茶業股份有限公司
1234,1234黑松股份有限公司
1235,1235興泰實業股份有限公司
1236,1236宏亞食品股份有限公司
1256,1256鮮活控股股份有限公司
1262,1262綠悅控股有限公司
1301,1301台灣塑膠工業股份有限公司
1303,1303南亞塑膠工業股份有限公司
1304,1304台灣聚合化學品股份有限公司
1305,1305華夏海灣塑膠股份有限公司
1307,1307三芳化學工業股份有限公司
1308,1308亞洲聚合股份有限公司
1309,1309台達化學工業股份有限公司
1310,1310台灣苯乙烯工業股份有限公司
1312,1312國喬石油化學股份有限公司
1313,1313聯成化學科技股份有限公司
1314,1314中國石油化學工業開發(股)公司
1315,1315達新工業股份有限公司
1316,1316上曜建設開發股份有限公司
1319,1319東陽實業廠股份有限公司
1321,1321大洋塑膠工業股份有限公司
1323,1323永裕塑膠工業股份有限公司
1324,1324地球綜合工業股份有限公司
1325,1325恒大股份有限公司
1326,1326台灣化學纖維股份有限公司
1337,1337亞洲塑膠再生資源控股有限公司
1338,1338廣華控股有限公司
1339,1339昭輝實業股份有限公司
1340,1340勝悅新材料有限公司
1402,1402遠東新世紀股份有限公司
1409,1409新光合成纖維股份有限公司
1410,1410南洋染整股份有限公司
1413,1413宏洲纖維工業股份有限公司
1414,1414東和紡織股份有限公司
1416,1416廣豐實業股份有限公司
1417,1417嘉裕股份有限公司
1418,1418東華合纖股份有限公司
1419,1419新光紡織股份有限公司
1423,1423利華羊毛工業股份有限公司
1432,1432大魯閣實業股份有限公司
1434,1434福懋興業股份有限公司
1435,1435中福國際(股)公司
1436,1436華友聯開發股份有限公司(原福益)
1437,1437勤益投資控股股份有限公司
1438,1438裕豐國際開發股份有限公司
1439,1439中和羊毛工業股份有限公司
1440,1440臺南紡織股份有限公司
1441,1441大東紡織股份有限公司
1442,1442名軒開發股份有限公司
1443,1443立益紡織股份有限公司
1444,1444力麗企業股份有限公司
1445,1445大宇紡織股份有限公司
1446,1446宏和精密紡織股份有限公司
1447,1447力鵬企業股份有限公司
1449,1449佳和實業股份有限公司
1451,1451年興紡織股份有限公司
1452,1452宏益纖維工業股份有限公司
1453,1453大將開發股份有限公司
1454,1454台灣富綢纖維股份有限公司
1455,1455集盛實業股份有限公司
1456,1456怡華實業股份有限公司
1457,1457宜進實業股份有限公司
1459,1459聯發紡織纖維股份有限公司
1460,1460宏遠興業股份有限公司
1463,1463強盛染整股份有限公司
1464,1464得力實業股份有限公司
1465,1465偉全實業股份有限公司
1466,1466聚隆纖維股份有限公司
1467,1467南緯實業股份有限公司
1468,1468昶和纖維興業股份有限公司
1469,1469理隆纖維工業股份有限公司
1470,1470大統精密染整股份有限公司
1471,1471首利實業股份有限公司
1472,1472三洋紡織纖維股份有限公司
1473,1473台南企業股份有限公司
1474,1474弘裕企業股份有限公司
1475,1475本盟光電股份有限公司
1476,1476儒鴻企業股份有限公司
1477,1477聚陽實業股份有限公司
1503,1503士林電機廠股份有限公司
1504,1504東元電機股份有限公司
1506,1506正道工業股份有限公司
1507,1507永大機電工業股份有限公司
1512,1512瑞利企業股份有限公司
1513,1513中興電工機械股份有限公司
1514,1514亞力電機股份有限公司
1515,1515力山工業股份有限公司
1516,1516川飛能源股份有限公司
1517,1517利奇機械工業股份有限公司
1519,1519華城電機股份有限公司
1521,1521大億交通工業製造股份有限公司
1522,1522堤維西交通工業股份有限公司
1524,1524耿鼎企業股份有限公司
1525,1525江申工業股份有限公司
1526,1526日馳企業股份有限公司
1527,1527鑽全實業股份有限公司
1528,1528恩德科技股份有限公司
1529,1529樂士股份有限公司
1530,1530亞崴機電股份有限公司
1531,1531高林股份有限公司
1532,1532勤美股份有限公司
1533,1533車王電子股份有限公司
1535,1535中宇環保工程股份有限公司
1536,1536和大工業股份有限公司
1537,1537廣隆光電科技股份有限公司
1538,1538正峰新能源股份有限公司
1539,1539巨庭機械股份有限公司
1540,1540喬福機械工業股份有限公司
1541,1541錩泰工業股份有限公司
1558,1558伸興工業股份有限公司
1560,1560中國砂輪企業股份有限公司
1568,1568倉佑實業股份有限公司
1582,1582信錦企業股份有限公司
1583,1583程泰機械股份有限公司
1587,1587吉茂精密股份有限公司
1589,1589永冠能源科技集團有限公司
1590,1590亞德客國際集團
1592,1592英瑞國際股份有限公司
1598,1598岱宇國際股份有限公司
1603,1603中華電線電纜股份有限公司
1604,1604聲寶股份有限公司
1605,1605華新麗華股份有限公司
1608,1608華榮電線電纜股份有限公司
1609,1609大亞電線電纜股份有限公司
1611,1611中國電器股份有限公司
1612,1612宏泰電工股份有限公司
1614,1614台灣三洋電機股份有限公司
1615,1615大山電線電纜股份有限公司
1616,1616億泰電線電纜股份有限公司
1617,1617榮星電線工業股份有限公司
1618,1618合機電線電纜股份有限公司
1626,1626艾美特(開曼)國際有限公司
1701,1701中國化學製藥股份有限公司
1702,1702南僑投資控股股份有限公司
1704,1704李長榮化學工業股份有限公司
1707,1707葡萄王生技股份有限公司
1708,1708東鹼股份有限公司
1709,1709和益化學工業股份有限公司
1710,1710東聯化學股份有限公司
1711,1711臺灣永光化學工業股份有限公司
1712,1712興農股份有限公司
1713,1713國泰化工廠股份有限公司
1714,1714和桐化學股份有限公司
1717,1717長興材料工業股份有限公司
1718,1718中國人造纖維股份有限公司
1720,1720生達化學製藥股份有限公司
1721,1721三晃股份有限公司
1722,1722台灣肥料股份有限公司
1723,1723中鋼碳素化學股份有限公司
1724,1724台硝股份有限公司
1725,1725元禎企業股份有限公司
1726,1726永記造漆工業股份有限公司
1727,1727臺灣中華化學工業股份有限公司
1730,1730花仙子企業股份有限公司
1731,1731美吾華股份有限公司
1732,1732毛寶股份有限公司
1733,1733五鼎生物技術股份有限公司
1734,1734杏輝藥品工業股份有限公司
1735,1735日勝化工股份有限公司
1736,1736喬山健康科技股份有限公司
1737,1737臺鹽實業股份有限公司
1760,1760寶齡富錦生技股份有限公司
1762,1762中化合成生技股份有限公司
1773,1773勝一化工股份有限公司
1776,1776展宇科技材料股份有限公司
1783,1783和康生物科技股份有限公司
1786,1786科妍生物科技股份有限公司
1789,1789台灣神隆股份有限公司
1802,1802台灣玻璃工業股份有限公司
1805,1805寶徠建設股份有限公司
1806,1806冠軍建材股份有限公司
1808,1808潤隆建設股份有限公司
1809,1809中國製釉股份有限公司
1810,1810和成欣業股份有限公司
1817,1817凱撒衛浴股份有限公司
1902,1902台灣紙業股份有限公司
1903,1903士林紙業股份有限公司
1904,1904正隆股份有限公司
1905,1905中華紙漿股份有限公司
1906,1906寶隆國際股份有限公司
1907,1907永豐餘投資控股股份有限公司
1909,1909榮成紙業股份有限公司
2002,2002中國鋼鐵股份有限公司
2006,2006東和鋼鐵企業股份有限公司
2007,2007燁興企業股份有限公司
2008,2008高興昌鋼鐵股份有限公司
2009,2009第一伸銅科技股份有限公司
2010,2010春源鋼鐵工業股份有限公司
2012,2012春雨工廠股份有限公司
2013,2013中國鋼鐵結構股份有限公司
2014,2014中鴻鋼鐵股份有限公司
2015,2015豐興鋼鐵股份有限公司
2017,2017官田鋼鐵股份有限公司
2020,2020美亞鋼管廠股份有限公司
2022,2022聚亨企業股份有限公司
2023,2023燁輝企業股份有限公司
2024,2024志聯工業股份有限公司
2025,2025千興不銹鋼(股)公司
2027,2027大成不銹鋼工業股份有限公司
2028,2028威致鋼鐵工業股份有限公司
2029,2029盛餘股份有限公司
2030,2030彰源企業股份有限公司
2031,2031新光鋼鐵股份有限公司
2032,2032新鋼工業股份有限公司
2033,2033佳大世界股份有限公司
2034,2034允強實業股份有限公司
2038,2038海光企業股份有限公司
2049,2049上銀科技股份有限公司
2059,2059川湖科技股份有限公司
2062,2062橋椿金屬股份有限公司
2069,2069運錩鋼鐵股份有限公司
2101,2101南港輪胎股份有限公司
2102,2102泰豐輪胎股份有限公司
2103,2103台橡股份有限公司
2104,2104中國合成橡膠股份有限公司
2105,2105正新橡膠工業股份有限公司
2106,2106建大工業股份有限公司
2107,2107厚生股份有限公司
2108,2108南帝化學工業股份有限公司
2109,2109華豐橡膠工業股份有限公司
2114,2114鑫永銓股份有限公司
2115,2115六暉控股股份有限公司
2201,2201裕隆汽車製造股份有限公司
2204,2204中華汽車工業股份有限公司
2206,2206三陽工業股份有限公司
2207,2207和泰汽車股份有限公司
2208,2208台灣國際造船股份有限公司
2227,2227裕隆日產汽車股份有限公司
2228,2228劍麟股份有限公司
2231,2231為升電裝工業股份有限公司
2236,2236百達精密工業股份有限公司
2239,2239開曼英利工業股份有限公司
2243,2243宏旭控股股份有限公司
2301,2301光寶科技股份有限公司
2302,2302麗正國際科技股份有限公司
2303,2303聯華電子股份有限公司
2305,2305全友電腦股份有限公司
2308,2308台達電子工業股份有限公司
2312,2312金寶電子工業股份有限公司
2313,2313華通電腦股份有限公司
2314,2314台揚科技股份有限公司
2316,2316楠梓電子股份有限公司
2317,2317鴻海精密工業股份有限公司
2321,2321東訊股份有限公司
2323,2323中環股份有限公司
2324,2324仁寶電腦工業股份有限公司
2327,2327國巨股份有限公司
2328,2328廣宇科技股份有限公司
2329,2329華泰電子股份有限公司
2330,2330台灣積體電路製造股份有限公司
2331,2331精英電腦股份有限公司
2332,2332友訊科技股份有限公司
2337,2337旺宏電子股份有限公司
2338,2338台灣光罩股份有限公司
2340,2340光磊科技股份有限公司
2342,2342台灣茂矽電子股份有限公司
2344,2344華邦電子股份有限公司
2345,2345智邦科技股份有限公司
2347,2347聯強國際股份有限公司
2348,2348海悅國際開發股份有限公司
2349,2349錸德科技股份有限公司
2351,2351順德工業股份有限公司
2352,2352佳世達科技股份有限公司
2353,2353宏碁股份有限公司
2354,2354鴻準精密工業股份有限公司
2355,2355敬鵬工業股份有限公司
2356,2356英業達股份有限公司
2357,2357華碩電腦股份有限公司
2358,2358廷鑫興業股份有限公司
2359,2359所羅門股份有限公司
2360,2360致茂電子股份有限公司
2362,2362藍天電腦股份有限公司
2363,2363矽統科技股份有限公司
2364,2364倫飛電腦實業股份有限公司
2365,2365昆盈企業股份有限公司
2367,2367燿華電子股份有限公司
2368,2368金像電子(股)公司
2369,2369菱生精密工業股份有限公司
2371,2371大同股份有限公司
2373,2373震旦行股份有限公司
2374,2374佳能企業股份有限公司
2375,2375智寶電子股份有限公司
2376,2376技嘉科技股份有限公司
2377,2377微星科技股份有限公司
2379,2379瑞昱半導體股份有限公司
2380,2380虹光精密工業股份有限公司
2382,2382廣達電腦股份有限公司
2383,2383台光電子材料股份有限公司
2385,2385群光電子股份有限公司
2387,2387精元電腦股份有限公司
2388,2388威盛電子股份有限公司
2390,2390云辰電子開發股份有限公司
2392,2392正崴精密工業股份有限公司
2393,2393億光電子工業股份有限公司
2395,2395研華股份有限公司
2397,2397友通資訊股份有限公司
2399,2399映泰股份有限公司
2401,2401凌陽科技股份有限公司
2402,2402毅嘉科技股份有限公司
2404,2404漢唐集成股份有限公司
2405,2405浩鑫股份有限公司
2406,2406國碩科技工業股份有限公司
2408,2408南亞科技股份有限公司
2409,2409友達光電股份有限公司
2412,2412中華電信股份有限公司
2413,2413環隆科技股份有限公司
2414,2414精技電腦股份有限公司
2415,2415錩新科技股份有限公司
2417,2417圓剛科技股份有限公司
2419,2419仲琦科技股份有限公司
2420,2420新巨企業股份有限公司
2421,2421建準電機工業股份有限公司
2423,2423固緯電子實業股份有限公司
2424,2424隴華電子股份有限公司
2425,2425承啟科技股份有限公司
2426,2426鼎元光電科技股份有限公司
2427,2427三商電腦股份有限公司
2428,2428興勤電子工業股份有限公司
2429,2429銘旺科技股份有限公司
2430,2430燦坤實業股份有限公司
2431,2431聯昌電子企業股份有限公司
2433,2433互盛股份有限公司
2434,2434統懋半導體股份有限公司
2436,2436偉詮電子股份有限公司
2438,2438翔耀實業股份有限公司
2439,2439美律實業股份有限公司
2440,2440太空梭高傳真資訊科技(股)公司
2441,2441超豐電子股份有限公司
2442,2442新美齊股份有限公司
2443,2443新利虹科技股份有限公司
2444,2444友旺科技股份有限公司
2448,2448晶元光電股份有限公司
2449,2449京元電子股份有限公司
2450,2450神腦國際企業股份有限公司
2451,2451創見資訊股份有限公司
2453,2453凌群電腦股份有限公司
2454,2454聯發科技股份有限公司
2455,2455全新光電科技股份有限公司
2456,2456奇力新電子股份有限公司
2457,2457飛宏科技股份有限公司
2458,2458義隆電子股份有限公司
2459,2459敦吉科技股份有限公司
2460,2460建通精密工業股份有限公司
2461,2461光群雷射科技股份有限公司
2462,2462台灣良得電子股份有限公司
2464,2464盟立自動化股份有限公司
2465,2465麗臺科技股份有限公司
2466,2466冠西電子企業股份有限公司
2467,2467志聖工業股份有限公司
2468,2468華經資訊企業股份有限公司
2471,2471資通電腦股份有限公司
2472,2472立隆電子工業股份有限公司
2474,2474可成科技股份有限公司
2475,2475中華映管股份有限公司
2476,2476鉅祥企業股份有限公司
2477,2477美隆工業股份有限公司
2478,2478大毅科技股份有限公司
2480,2480敦陽科技股份有限公司
2481,2481強茂股份有限公司
2482,2482連宇股份有限公司
2483,2483百容電子股份有限公司
2484,2484希華晶體科技股份有限公司
2485,2485兆赫電子股份有限公司
2486,2486一詮精密工業股份有限公司
2488,2488漢平電子工業股份有限公司
2489,2489瑞軒科技股份有限公司
2491,2491吉祥全球實業股份有限公司
2492,2492華新科技股份有限公司
2493,2493揚博科技股份有限公司
2495,2495普安科技股份有限公司
2496,2496卓越成功股份有限公司
2497,2497怡利電子工業股份有限公司
2498,2498宏達國際電子股份有限公司
2499,2499東貝光電科技股份有限公司
2501,2501國泰建設股份有限公司
2504,2504國產建材實業(原國產實業)
2505,2505國揚實業股份有限公司
2506,2506太平洋建設股份有限公司
2509,2509全坤建設開發股份有限公司
2511,2511太子建設開發股份有限公司
2514,2514龍邦國際興業股份有限公司
2515,2515中華工程股份有限公司
2516,2516新亞建設開發股份有限公司
2520,2520冠德建設股份有限公司
2524,2524京城建設股份有限公司
2527,2527宏璟建設股份有限公司
2528,2528皇普建設股份有限公司
2530,2530大華建設股份有限公司
2534,2534宏盛建設股份有限公司
2535,2535達欣工程股份有限公司
2536,2536宏普建設股份有限公司
2537,2537聯上開發股份有限公司
2538,2538基泰建設股份有限公司
2539,2539櫻花建設股份有限公司
2540,2540愛山林建設開發股份有限公司
2542,2542興富發建設股份有限公司
2543,2543皇昌營造股份有限公司
2545,2545皇翔建設股份有限公司
2546,2546根基營造股份有限公司
2547,2547日勝生活科技股份有限公司
2548,2548華固建設股份有限公司
2597,2597潤弘精密工程事業股份有限公司
2601,2601益航股份有限公司
2603,2603長榮海運股份有限公司
2605,2605新興航運股份有限公司
2606,2606裕民航運股份有限公司
2607,2607長榮國際儲運股份有限公司
2608,2608嘉里大榮物流股份有限公司
2609,2609陽明海運股份有限公司
2610,2610中華航空股份有限公司
2611,2611志信國際股份有限公司
2612,2612中國航運股份有限公司
2613,2613中國貨櫃運輸股份有限公司
2614,2614東森國際股份有限公司
2615,2615萬海航運股份有限公司
2616,2616山隆通運股份有限公司
2617,2617台灣航業股份有限公司
2618,2618長榮航空股份有限公司
2630,2630亞洲航空股份有限公司
2633,2633台灣高速鐵路股份有限公司
2634,2634漢翔航空工業股份有限公司
2636,2636台驊國際投資控股股份有限公司
2637,2637慧洋海運股份有限公司
2642,2642台灣宅配通股份有限公司
2701,2701萬華企業股份有限公司
2702,2702華園飯店股份有限公司
2704,2704國賓大飯店股份有限公司
2705,2705六福開發股份有限公司
2706,2706第一華僑大飯店股份有限公司
2707,2707晶華國際酒店股份有限公司
2712,2712遠雄悅來大飯店股份有限公司
2722,2722夏都國際開發股份有限公司
2723,2723開曼美食達人股份有限公司
2727,2727王品餐飲股份有限公司
2731,2731雄獅旅行社股份有限公司
2739,2739寒舍餐旅管理顧問股份有限公司
2748,2748雲品國際酒店股份有限公司
2801,2801彰化商業銀行股份有限公司
2809,2809京城商業銀行股份有限公司
2812,2812台中商業銀行股份有限公司
2816,2816旺旺友聯產物保險股份有限公司
2820,2820中華票券金融股份有限公司
2823,2823中國人壽保險股份有限公司
2832,2832台灣產物保險股份有限公司
2834,2834臺灣中小企業銀行股份有限公司
2836,2836高雄銀行股份有限公司
2838,2838聯邦商業銀行股份有限公司
2841,2841台灣土地開發股份有限公司
2845,2845遠東國際商業銀行股份有限公司
2849,2849安泰商業銀行股份有限公司
2850,2850新光產物保險股份有限公司
2851,2851中央再保險股份有限公司
2852,2852第一產物保險股份有限公司
2855,2855統一綜合證券股份有限公司
2856,2856元富證券股份有限公司
2867,2867三商美邦人壽保險股份有限公司
2880,2880華南金融控股股份有限公司
2881,2881富邦金融控股股份有限公司
2882,2882國泰金融控股股份有限公司
2883,2883中華開發金融控股股份有限公司
2884,2884玉山金融控股股份有限公司
2885,2885元大金融控股股份有限公司
2886,2886兆豐金融控股股份有限公司
2887,2887台新金融控股股份有限公司
2888,2888新光金融控股股份有限公司
2889,2889國票金融控股股份有限公司
2890,2890永豐金融控股股份有限公司
2891,2891中國信託金融控股股份有限公司
2892,2892第一金融控股股份有限公司
2897,2897王道商業銀行股份有限公司
2901,2901欣欣大眾市場股份有限公司
2903,2903遠東百貨股份有限公司
2904,2904匯僑股份有限公司
2905,2905三商投資控股股份有限公司
2906,2906高林實業股份有限公司
2908,2908特力股份有限公司
2910,2910統領百貨股份有限公司
2911,2911麗嬰房股份有限公司
2912,2912統一超商股份有限公司
2913,2913台灣農林股份有限公司
2915,2915潤泰全球股份有限公司
2923,2923鼎固控股有限公司
2929,2929淘帝國際控股有限公司
2936,2936客思達股份有限公司
2939,2939凱羿國際集團股份有限公司
3002,3002歐格電子工業股份有限公司
3003,3003健和興端子股份有限公司
3004,3004豐達科技股份有限公司(原宏達)
3005,3005神基科技股份有限公司
3006,3006晶豪科技股份有限公司
3008,3008大立光電股份有限公司
3010,3010華立企業股份有限公司
3011,3011今皓實業股份有限公司
3013,3013晟銘電子科技股份有限公司
3014,3014聯陽半導體股份有限公司
3015,3015全漢企業股份有限公司
3016,3016嘉晶電子股份有限公司
3017,3017奇鋐科技股份有限公司
3018,3018同開科技工程股份有限公司
3019,3019亞洲光學股份有限公司
3021,3021鴻名企業股份有限公司
3022,3022威強電工業電腦股份有限公司
3023,3023信邦電子股份有限公司
3024,3024憶聲電子股份有限公司
3025,3025星通資訊股份有限公司
3026,3026禾伸堂企業股份有限公司
3027,3027盛達電業股份有限公司
3028,3028增你強股份有限公司
3029,3029零壹科技股份有限公司
3030,3030德律科技股份有限公司
3031,3031佰鴻工業股份有限公司
3032,3032偉訓科技股份有限公司
3033,3033威健實業股份有限公司
3034,3034聯詠科技股份有限公司
3035,3035智原科技股份有限公司
3036,3036文曄科技股份有限公司
3037,3037欣興電子股份有限公司
3038,3038全台晶像股份有限公司
3040,3040遠見科技股份有限公司
3041,3041揚智科技股份有限公司
3042,3042台灣晶技股份有限公司
3043,3043科風股份有限公司
3044,3044健鼎科技股份有限公司
3045,3045台灣大哥大股份有限公司
3046,3046建碁股份有限公司
3047,3047訊舟科技股份有限公司
3048,3048益登科技股份有限公司
3049,3049和鑫光電股份有限公司
3050,3050鈺德科技股份有限公司
3051,3051力特光電科技股份有限公司
3052,3052夆典科技開發股份有限公司
3054,3054立萬利創新股份有限公司
3055,3055蔚華科技股份有限公司
3056,3056總太地產開發股份有限公司
3057,3057喬鼎資訊股份有限公司
3058,3058立德電子股份有限公司
3059,3059華晶科技股份有限公司
3060,3060銘異科技股份有限公司
3062,3062建漢科技股份有限公司
3090,3090日電貿股份有限公司
3094,3094聯傑國際股份有限公司
3130,3130一零四資訊科技股份有限公司
3149,3149正達國際光電股份有限公司
3164,3164景岳生物科技股份有限公司
3167,3167大量科技股份有限公司
3189,3189景碩科技股份有限公司
3209,3209全科科技股份有限公司
3229,3229晟鈦股份有限公司
3231,3231緯創資通股份有限公司
3257,3257虹冠電子工業股份有限公司
3266,3266昇陽建設企業股份有限公司
3296,3296勝德國際研發股份有限公司
3305,3305昇貿科技股份有限公司
3308,3308聯德電子股份有限公司
3311,3311閎暉實業股份有限公司
3312,3312弘憶國際股份有限公司
3321,3321同泰電子科技股份有限公司
3338,3338泰碩電子股份有限公司
3346,3346麗清科技股份有限公司
3356,3356奇偶科技股份有限公司
3376,3376新日興股份有限公司
3380,3380明泰科技股份有限公司
3383,3383新世紀光電股份有限公司
3406,3406玉晶光電股份有限公司
3413,3413京鼎精密科技股份有限公司
3416,3416融程電訊股份有限公司
3419,3419譁裕實業股份有限公司
3432,3432台端興業股份有限公司
3437,3437榮創能源科技股份有限公司
3443,3443創意電子股份有限公司
3450,3450聯鈞光電股份有限公司
3454,3454晶睿通訊股份有限公司
3481,3481群創光電股份有限公司
3494,3494誠研科技股份有限公司
3501,3501維熹科技股份有限公司
3504,3504揚明光學股份有限公司
3514,3514昱晶能源科技股份有限公司
3515,3515華擎科技股份有限公司
3518,3518柏騰科技股份有限公司
3519,3519綠能科技股份有限公司
3528,3528安馳科技股份有限公司
3532,3532台塑勝高科技股份有限公司
3533,3533嘉澤端子工業股份有限公司
3535,3535晶彩科技股份有限公司
3536,3536誠創科技股份有限公司
3545,3545敦泰電子股份有限公司
3550,3550聯穎科技股份有限公司
3557,3557嘉威光電股份有限公司
3561,3561昇陽光電科技股份有限公司
3576,3576新日光能源科技股份有限公司
3579,3579尚志半導體股份有限公司
3583,3583辛耘企業股份有限公司
3588,3588通嘉科技股份有限公司
3591,3591艾笛森光電股份有限公司
3593,3593力銘科技股份有限公司
3596,3596智易科技股份有限公司
3605,3605宏致電子股份有限公司
3607,3607谷崧精密工業股份有限公司
3617,3617碩天科技股份有限公司
3622,3622洋華光電股份有限公司
3645,3645達邁科技股份有限公司
3653,3653健策精密工業股份有限公司
3661,3661世芯電子股份有限公司
3665,3665貿聯控股(BizLink Holding Inc.)
3669,3669圓展科技股份有限公司
3673,"3673TPK Holding Co., Ltd."
3679,3679新至陞科技股份有限公司
3682,3682亞太電信股份有限公司
3686,3686達能科技股份有限公司
3694,3694海華科技股份有限公司
3698,3698隆達電子股份有限公司
3701,3701大眾全球投資控股股份有限公司
3702,3702大聯大投資控股股份有限公司
3703,3703欣陸投資控股股份有限公司
3704,3704合勤投資控股股份有限公司
3705,3705永信國際投資控股股份有限公司
3706,3706神達投資控股股份有限公司
3708,3708上緯國際投資控股股份有限公司
3711,3711日月光投資控股股份有限公司
4104,4104佳醫健康事業股份有限公司
4106,4106雃博股份有限公司
4108,4108懷特生技新藥股份有限公司
4119,4119旭富製藥科技股份有限公司
4133,4133亞諾法生技股份有限公司
4137,4137麗豐股份有限公司
4141,4141龍燈環球農業科技有限公司
4142,4142國光生物科技股份有限公司
4144,4144康聯控股有限公司
4148,4148全宇生技控股有限公司
4155,4155訊映光電股份有限公司
4164,4164承業生醫投資控股股份有限公司
4190,4190佐登妮絲集團股份有限公司
4306,4306炎洲股份有限公司
4414,4414如興股份有限公司
4426,4426利勤實業股份有限公司
4438,4438廣越企業股份有限公司
4526,4526東台精機股份有限公司
4532,4532瑞智精密股份有限公司
4536,4536拓凱實業股份有限公司
4545,4545銘鈺精密工業股份有限公司
4551,4551智伸科技股份有限公司
4552,4552力達控股有限公司
4555,4555台灣氣立股份有限公司
4557,4557永新控股股份有限公司
4560,4560強信機械科技股份有限公司
4562,4562穎漢科技股份有限公司
4566,4566時碩工業股份有限公司
4720,4720德淵企業股份有限公司
4722,4722國精化學股份有限公司
4725,4725信昌化學工業股份有限公司
4737,4737華廣生技股份有限公司
4739,4739康普材料科技股份有限公司
4746,4746台耀化學股份有限公司
4755,4755三福化工股份有限公司
4763,4763濟南大自然新材料股份有限公司
4764,4764雙鍵化工股份有限公司
4807,4807日成控股股份有限公司
4904,4904遠傳電信股份有限公司
4906,4906正文科技股份有限公司
4912,4912聯德控股股份有限公司
4915,4915致伸科技股份有限公司
4916,4916事欣科技股份有限公司
4919,4919新唐科技股份有限公司
4927,4927泰鼎國際股份有限公司
4930,4930燦星網通股份有限公司
4934,4934太極能源科技股份有限公司
4935,4935茂林光電科技(開曼)股份有限公司
4938,4938和碩聯合科技股份有限公司
4942,4942嘉彰股份有限公司
4943,4943開曼康而富控股股份有限公司
4952,4952凌通科技股份有限公司
4956,4956光鋐科技股份有限公司
4958,4958臻鼎科技控股股份有限公司
4960,4960奇美材料科技股份有限公司
4968,4968立積電子股份有限公司
4976,4976佳凌科技股份有限公司
4977,4977眾達科技股份有限公司
4984,4984科納光通股份有限公司
4994,4994傳奇網路遊戲股份有限公司
4999,4999鑫禾科技股份有限公司
5007,5007三星科技股份有限公司
5203,5203訊連科技股份有限公司
5215,5215科嘉(開曼)股份有限公司
5225,5225東科控股股份有限公司
5234,5234達興材料股份有限公司
5243,5243乙盛精密工業股份有限公司
5258,5258虹堡科技股份有限公司
5259,5259清惠光電股份有限公司
5264,5264鎧勝控股有限公司
5269,5269祥碩科技股份有限公司
5284,5284經寶精密控股股份有限公司
5285,5285界霖科技股份有限公司
5288,5288開曼商豐祥控股股份有限公司
5305,5305敦南科技股份有限公司
5388,5388中磊電子股份有限公司
5434,5434崇越科技股份有限公司
5469,5469瀚宇博德股份有限公司
5471,5471松翰科技股份有限公司
5484,5484慧友電子股份有限公司
5515,5515建國工程股份有限公司
5519,5519隆大營建事業股份有限公司
5521,5521工信工程股份有限公司
5522,5522遠雄建設事業股份有限公司
5525,5525順天建設股份有限公司
5531,5531鄉林建設事業股份有限公司
5533,5533皇鼎建設開發股份有限公司
5534,5534長虹建設股份有限公司
5538,5538開曼東明控股股份有限公司
5607,5607遠雄自貿港投資控股股份有限公司
5608,5608四維航業股份有限公司
5706,5706鳳凰國際旅行社股份有限公司
5871,5871中租控股股份有限公司
5880,5880合作金庫金融控股股份有限公司
5906,5906台南企業(開曼)股份有限公司
5907,5907大洋百貨集團控股股份有限公司
6005,6005群益金鼎證券股份有限公司
6024,6024群益期貨股份有限公司
6108,6108競國實業股份有限公司
6112,6112聚碩科技股份有限公司
6115,6115鎰勝工業股份有限公司
6116,6116瀚宇彩晶股份有限公司
6117,6117迎廣科技股份有限公司
6120,6120達運精密工業股份有限公司
6128,6128上福全球科技股份有限公司
6131,6131悠克國際股份有限公司
6133,6133金橋科技股份有限公司
6136,6136富爾特科技股份有限公司
6139,6139亞翔工程股份有限公司
6141,6141柏承科技股份有限公司
6142,6142友勁科技股份有限公司
6145,6145勁永國際股份有限公司
6152,6152百一電子股份有限公司
6153,6153嘉聯益科技股份有限公司
6155,6155鈞寶電子工業股份有限公司
6164,6164華興電子工業股份有限公司
6165,6165捷泰精密工業股份有限公司
6166,6166凌華科技股份有限公司
6168,6168宏齊科技股份有限公司
6172,6172互億科技股份有限公司
6176,6176瑞儀光電股份有限公司
6177,6177達麗建設事業股份有限公司
6183,6183關貿網路股份有限公司
6184,6184大豐有線電視股份有限公司
6189,6189豐藝電子股份有限公司
6191,6191精成科技股份有限公司
6192,6192巨路國際股份有限公司
6196,6196帆宣系統科技股份有限公司
6197,6197佳必琪國際股份有限公司
6201,6201亞弘電科技股份有限公司
6202,6202盛群半導體股份有限公司
6205,6205詮欣股份有限公司
6206,6206飛捷科技股份有限公司
6209,6209今國光學工業股份有限公司
6213,6213聯茂電子股份有限公司
6214,6214精誠資訊股份有限公司
6215,6215和椿科技股份有限公司
6216,6216居易科技股份有限公司
6224,6224聚鼎科技股份有限公司
6225,6225天瀚科技股份有限公司
6226,6226光鼎電子股份有限公司
6230,6230超眾科技股份有限公司
6235,6235華孚科技股份有限公司
6239,6239力成科技股份有限公司
6243,6243迅杰科技股份有限公司
6251,6251定穎電子股份有限公司
6257,6257矽格股份有限公司
6269,6269台郡科技股份有限公司
6271,6271同欣電子工業股份有限公司
6277,6277宏正自動科技股份有限公司
6278,6278台灣表面黏著科技股份有限公司
6281,6281全國電子股份有限公司
6282,6282康舒科技股份有限公司
6283,6283淳安電子股份有限公司
6285,6285啟碁科技股份有限公司
6289,6289華上光電股份有限公司
6405,6405悅城科技股份有限公司
6409,6409旭隼科技股份有限公司
6412,6412群光電能科技股份有限公司
6414,6414樺漢科技股份有限公司
6415,6415矽力杰股份有限公司
6416,6416瑞祺電通股份有限公司
6422,6422君耀控股股份有限公司
6431,6431光麗光電科技股份有限公司
6442,6442光紅建聖股份有限公司
6443,6443元晶太陽能科技股份有限公司
6449,6449鈺邦科技股份有限公司
6451,6451訊芯科技控股股份有限公司
6452,6452康友製藥控股有限公司
6456,6456GIS Holding Limited
6464,6464台灣數位光訊科技股份有限公司
6477,6477安集科技股份有限公司
6504,6504南六企業股份有限公司
6505,6505台塑石化股份有限公司
6525,6525捷敏股份有限公司
6531,6531愛普科技股份有限公司
6533,6533晶心科技股份有限公司
6541,6541泰福生技股份有限公司
6552,6552易華電子股份有限公司
6573,6573虹揚發展科技股份有限公司
6579,6579研揚科技股份有限公司
6581,6581台灣鋼聯股份有限公司
6582,6582申豐特用應材股份有限公司
6591,6591動力科技股份有限公司
6605,6605帝寶工業股份有限公司
6625,6625必應創造股份有限公司
8011,8011台通光電股份有限公司
8016,8016矽創電子股份有限公司
8021,8021尖點科技股份有限公司
8033,8033雷虎科技股份有限公司
8039,8039台虹科技股份有限公司
8046,8046南亞電路板股份有限公司
8070,8070長華電材股份有限公司
8072,8072陞泰科技股份有限公司
8081,8081致新科技股份有限公司
8101,8101華冠通訊股份有限公司
8103,8103瀚荃股份有限公司
8105,8105凌巨科技股份有限公司
8110,8110華東科技股份有限公司
8112,8112至上電子股份有限公司
8114,8114振樺電子股份有限公司
8131,8131福懋科技股份有限公司
8150,8150南茂科技股份有限公司
8163,8163達方電子股份有限公司
8201,8201無敵科技股份有限公司
8210,8210勤誠興業股份有限公司
8213,8213志超科技股份有限公司
8215,8215明基材料股份有限公司
8222,8222寶一科技股份有限公司
8249,8249菱光科技股份有限公司
8261,8261富鼎先進電子股份有限公司
8271,8271宇瞻科技股份有限公司
8341,8341日友環保科技股份有限公司
8374,8374羅昇企業股份有限公司
8404,8404百和興業股份有限公司(開曼)
8411,8411福貞控股股份有限公司
8422,8422可寧衛股份有限公司
8427,8427基勝（開曼）控股股份有限公司
8429,8429金麗集團控股有限公司
8442,8442威宏控股股份有限公司
8443,8443阿瘦實業股份有限公司
8454,8454富邦媒體科技股份有限公司
8463,8463潤泰精密材料股份有限公司
8464,8464億豐綜合工業股份有限公司
8466,8466美吉吉國際股份有限公司
8467,8467波力環球企業股份有限公司
8473,8473山林水環境工程股份有限公司
8478,8478東哥企業股份有限公司
8480,8480泰昇國際(控股)有限公司
8481,8481政伸企業股份有限公司
8488,8488吉源控股股份有限公司
8497,8497聯廣傳播股份有限公司
8499,8499鼎炫投資控股股份有限公司
8926,8926台灣汽電共生股份有限公司
8940,8940新天地國際實業股份有限公司
8996,8996高力熱處理工業股份有限公司
9103,9103美德向邦醫療國際股份有限公司
910322,910322康師傅控股有限公司
910482,910482聖馬丁國際控股有限公司
9105,9105泰金寶科技股份有限公司
910708,910708恒大健康產業集團有限公司
910861,910861神州數碼控股有限公司
9110,9110越南製造加工出口控股有限公司
911608,911608明輝環球企業有限公司
911616,911616杜康控股有限公司
911619,911619耀傑集團有限公司
911622,911622聚亨企業集團(泰國)大眾有限公司
911868,911868同方友友控股有限公司
912000,912000晨訊科技集團有限公司
912398,912398友佳國際控股有限公司
9136,9136巨騰國際控股有限公司
9157,9157陽光能源控股有限公司
9188,9188精熙國際(開曼)有限公司
9802,9802鈺齊國際股份有限公司
9902,9902台火開發股份有限公司
9904,9904寶成工業股份有限公司
9905,9905大華金屬工業股份有限公司
9906,9906欣巴巴事業股份有限公司
9907,9907統一實業股份有限公司
9908,9908大台北區瓦斯股份有限公司
9910,9910豐泰企業股份有限公司
9911,9911台灣櫻花股份有限公司
9912,9912偉聯科技股份有限公司
9914,9914美利達工業股份有限公司
9917,9917中興保全股份有限公司
9918,9918欣欣天然氣股份有限公司
9919,9919康那香企業股份有限公司
9921,9921巨大機械工業股份有限公司
9924,9924台灣福興工業股份有限公司
9925,9925台灣新光保全股份有限公司
9926,9926新海瓦斯股份有限公司
9927,9927泰銘實業股份有限公司
9928,9928中國電視事業股份有限公司
9929,9929秋雨創新股份有限公司
9930,9930中聯資源股份有限公司
9931,9931欣高石油氣股份有限公司
9933,9933中鼎工程股份有限公司
9934,9934成霖企業股份有限公司
9935,9935慶豐富實業股份有限公司
9937,9937全國加油站股份有限公司
9938,9938台灣百和工業股份有限公司
9939,9939宏全國際股份有限公司
9940,9940信義房屋仲介股份有限公司
9941,9941裕融企業股份有限公司
9942,9942茂順密封元件科技股份有限公司
9943,9943好樂迪股份有限公司
9944,9944新麗企業股份有限公司
9945,9945潤泰創新國際股份有限公司
9946,9946三發地產股份有限公司(原:金革)
9955,9955佳龍科技工程股份有限公司
9958,9958世紀鋼鐵結構股份有限公司
